{
  "type": "Compass Connections",
  "version": {
    "$numberInt": "1"
  },
  "connections": [
    {
      "id": "f0a05532-5d8e-4d70-bf56-06e9f2e7b6a6",
      "lastUsed": {
        "$date": {
          "$numberLong": "1754889595785"
        }
      },
      "favorite": {
        "name": ""
      },
      "savedConnectionType": "recent",
      "connectionOptions": {
        "connectionString": "mongodb://localhost:27017/",
        "oidc": {
          "serializedState": "eyJvaWRjUGx1Z2luU3RhdGVWZXJzaW9uIjoxLCJzdGF0ZSI6W119"
        }
      }
    }
  ]
}