{
  "name": "recipe-app",
  "version": "1.0.0",
  "lockfileVersion": 3,
  "requires": true,
  "packages": {
    "": {
      "name": "recipe-app",
      "version": "1.0.0",
      "license": "ISC",
      "dependencies": {
        "ejs": "^3.1.10",
        "express": "^5.1.0",
        "express-ejs-layouts": "^2.5.1",
        "http-status-codes": "^2.3.0",
        "mongodb": "^3.6.3"
      }
    },
    "node_modules/accepts": {
      "version": "2.0.0",
      "resolved": "https://registry.npmjs.org/accepts/-/accepts-2.0.0.tgz",
      "integrity": "sha512-5cvg6CtKwfgdmVqY1WIiXKc3Q1bkRqGLi+2W/6ao+6Y7gu/RCwRuAhGEzh5B4KlszSuTLgZYuqFqo5bImjNKng==",
      "license": "MIT",
      "dependencies": {
        "mime-types": "^3.0.0",
        "negotiator": "^1.0.0"
      },
      "engines": {
        "node": ">= 0.6"
      }
    },
    "node_modules/ansi-styles": {
      "version": "4.3.0",
      "resolved": "https://registry.npmjs.org/ansi-styles/-/ansi-styles-4.3.0.tgz",
      "integrity": "sha512-zbB9rCJAT1rbjiVDb2hqKFHNYLxgtk8NURxZ3IZwD3F6NtxbXZQCnnSi1Lkx+IDohdPlFp222wVALIheZJQSEg==",
      "license": "MIT",
      "dependencies": {
        "color-convert": "^2.0.1"
      },
      "engines": {
        "node": ">=8"
      },
      "funding": {
        "url": "https://github.com/chalk/ansi-styles?sponsor=1"
      }
    },
    "node_modules/async": {
      "version": "3.2.6",
      "resolved": "https://registry.npmjs.org/async/-/async-3.2.6.tgz",
      "integrity": "sha512-htCUDlxyyCLMgaM3xXg0C0LW2xqfuQ6p05pCEIsXuyQ+a1koYKTuBMzRNwmybfLgvJDMd0r1LTn4+E0Ti6C2AA==",
      "license": "MIT"
    },
    "node_modules/balanced-match": {
      "version": "1.0.2",
      "resolved": "https://registry.npmjs.org/balanced-match/-/balanced-match-1.0.2.tgz",
      "integrity": "sha512-3oSeUO0TMV67hN1AmbXsK4yaqU7tjiHlbxRDZOpH0KW9+CeX4bRAaX0Anxt0tx2MrpRpWwQaPwIlISEJhYU5Pw==",
      "license": "MIT"
    },
    "node_modules/bl": {
      "version": "2.2.1",
      "resolved": "https://registry.npmjs.org/bl/-/bl-2.2.1.tgz",
      "integrity": "sha512-6Pesp1w0DEX1N550i/uGV/TqucVL4AM/pgThFSN/Qq9si1/DF9aIHs1BxD8V/QU0HoeHO6cQRTAuYnLPKq1e4g==",
      "license": "MIT",
      "dependencies": {
        "readable-stream": "^2.3.5",
        "safe-buffer": "^5.1.1"
      }
    },
    "node_modules/body-parser": {
      "version": "2.2.0",
      "resolved": "https://registry.npmjs.org/body-parser/-/body-parser-2.2.0.tgz",
      "integrity": "sha512-02qvAaxv8tp7fBa/mw1ga98OGm+eCbqzJOKoRt70sLmfEEi+jyBYVTDGfCL/k06/4EMk/z01gCe7HoCH/f2LTg==",
      "license": "MIT",
      "dependencies": {
        "bytes": "^3.1.2",
        "content-type": "^1.0.5",
        "debug": "^4.4.0",
        "http-errors": "^2.0.0",
        "iconv-lite": "^0.6.3",
        "on-finished": "^2.4.1",
        "qs": "^6.14.0",
        "raw-body": "^3.0.0",
        "type-is": "^2.0.0"
      },
      "engines": {
        "node": ">=18"
      }
    },
    "node_modules/brace-expansion": {
      "version": "1.1.11",
      "resolved": "https://registry.npmjs.org/brace-expansion/-/brace-expansion-1.1.11.tgz",
      "integrity": "sha512-iCuPHDFgrHX7H2vEI/5xpz07zSHB00TpugqhmYtVmMO6518mCuRMoOYFldEBl0g187ufozdaHgWKcYFb61qGiA==",
      "license": "MIT",
      "dependencies": {
        "balanced-match": "^1.0.0",
        "concat-map": "0.0.1"
      }
    },
    "node_modules/bson": {
      "version": "1.1.6",
      "resolved": "https://registry.npmjs.org/bson/-/bson-1.1.6.tgz",
      "integrity": "sha512-EvVNVeGo4tHxwi8L6bPj3y3itEvStdwvvlojVxxbyYfoaxJ6keLgrTuKdyfEAszFK+H3olzBuafE0yoh0D1gdg==",
      "license": "Apache-2.0",
      "engines": {
        "node": ">=0.6.19"
      }
    },
    "node_modules/bytes": {
      "version": "3.1.2",
      "resolved": "https://registry.npmjs.org/bytes/-/bytes-3.1.2.tgz",
      "integrity": "sha512-/Nf7TyzTx6S3yRJObOAV7956r8cr2+Oj8AC5dt8wSP3BQAoeX58NoHyCU8P8zGkNXStjTSi6fzO6F0pBdcYbEg==",
      "license": "MIT",
      "engines": {
        "node": ">= 0.8"
      }
    },
    "node_modules/call-bind-apply-helpers": {
      "version": "1.0.2",
      "resolved": "https://registry.npmjs.org/call-bind-apply-helpers/-/call-bind-apply-helpers-1.0.2.tgz",
      "integrity": "sha512-Sp1ablJ0ivDkSzjcaJdxEunN5/XvksFJ2sMBFfq6x0ryhQV/2b/KwFe21cMpmHtPOSij8K99/wSfoEuTObmuMQ==",
      "license": "MIT",
      "dependencies": {
        "es-errors": "^1.3.0",
        "function-bind": "^1.1.2"
      },
      "engines": {
        "node": ">= 0.4"
      }
    },
    "node_modules/call-bound": {
      "version": "1.0.4",
      "resolved": "https://registry.npmjs.org/call-bound/-/call-bound-1.0.4.tgz",
      "integrity": "sha512-+ys997U96po4Kx/ABpBCqhA9EuxJaQWDQg7295H4hBphv3IZg0boBKuwYpt4YXp6MZ5AmZQnU/tyMTlRpaSejg==",
      "license": "MIT",
      "dependencies": {
        "call-bind-apply-helpers": "^1.0.2",
        "get-intrinsic": "^1.3.0"
      },
      "engines": {
        "node": ">= 0.4"
      },
      "funding": {
        "url": "https://github.com/sponsors/ljharb"
      }
    },
    "node_modules/chalk": {
      "version": "4.1.2",
      "resolved": "https://registry.npmjs.org/chalk/-/chalk-4.1.2.tgz",
      "integrity": "sha512-oKnbhFyRIXpUuez8iBMmyEa4nbj4IOQyuhc/wy9kY7/WVPcwIO9VA668Pu8RkO7+0G76SLROeyw9CpQ061i4mA==",
      "license": "MIT",
      "dependencies": {
        "ansi-styles": "^4.1.0",
        "supports-color": "^7.1.0"
      },
      "engines": {
        "node": ">=10"
      },
      "funding": {
        "url": "https://github.com/chalk/chalk?sponsor=1"
      }
    },
    "node_modules/color-convert": {
      "version": "2.0.1",
      "resolved": "https://registry.npmjs.org/color-convert/-/color-convert-2.0.1.tgz",
      "integrity": "sha512-RRECPsj7iu/xb5oKYcsFHSppFNnsj/52OVTRKb4zP5onXwVF3zVmmToNcOfGC+CRDpfK/U584fMg38ZHCaElKQ==",
      "license": "MIT",
      "dependencies": {
        "color-name": "~1.1.4"
      },
      "engines": {
        "node": ">=7.0.0"
      }
    },
    "node_modules/color-name": {
      "version": "1.1.4",
      "resolved": "https://registry.npmjs.org/color-name/-/color-name-1.1.4.tgz",
      "integrity": "sha512-dOy+3AuW3a2wNbZHIuMZpTcgjGuLU/uBL/ubcZF9OXbDo8ff4O8yVp5Bf0efS8uEoYo5q4Fx7dY9OgQGXgAsQA==",
      "license": "MIT"
    },
    "node_modules/concat-map": {
      "version": "0.0.1",
      "resolved": "https://registry.npmjs.org/concat-map/-/concat-map-0.0.1.tgz",
      "integrity": "sha512-/Srv4dswyQNBfohGpz9o6Yb3Gz3SrUDqBH5rTuhGR7ahtlbYKnVxw2bCFMRljaA7EXHaXZ8wsHdodFvbkhKmqg==",
      "license": "MIT"
    },
    "node_modules/content-disposition": {
      "version": "1.0.0",
      "resolved": "https://registry.npmjs.org/content-disposition/-/content-disposition-1.0.0.tgz",
      "integrity": "sha512-Au9nRL8VNUut/XSzbQA38+M78dzP4D+eqg3gfJHMIHHYa3bg067xj1KxMUWj+VULbiZMowKngFFbKczUrNJ1mg==",
      "license": "MIT",
      "dependencies": {
        "safe-buffer": "5.2.1"
      },
      "engines": {
        "node": ">= 0.6"
      }
    },
    "node_modules/content-type": {
      "version": "1.0.5",
      "resolved": "https://registry.npmjs.org/content-type/-/content-type-1.0.5.tgz",
      "integrity": "sha512-nTjqfcBFEipKdXCv4YDQWCfmcLZKm81ldF0pAopTvyrFGVbcR6P/VAAd5G7N+0tTr8QqiU0tFadD6FK4NtJwOA==",
      "license": "MIT",
      "engines": {
        "node": ">= 0.6"
      }
    },
    "node_modules/cookie": {
      "version": "0.7.2",
      "resolved": "https://registry.npmjs.org/cookie/-/cookie-0.7.2.tgz",
      "integrity": "sha512-yki5XnKuf750l50uGTllt6kKILY4nQ1eNIQatoXEByZ5dWgnKqbnqmTrBE5B4N7lrMJKQ2ytWMiTO2o0v6Ew/w==",
      "license": "MIT",
      "engines": {
        "node": ">= 0.6"
      }
    },
    "node_modules/cookie-signature": {
      "version": "1.2.2",
      "resolved": "https://registry.npmjs.org/cookie-signature/-/cookie-signature-1.2.2.tgz",
      "integrity": "sha512-D76uU73ulSXrD1UXF4KE2TMxVVwhsnCgfAyTg9k8P6KGZjlXKrOLe4dJQKI3Bxi5wjesZoFXJWElNWBjPZMbhg==",
      "license": "MIT",
      "engines": {
        "node": ">=6.6.0"
      }
    },
    "node_modules/core-util-is": {
      "version": "1.0.3",
      "resolved": "https://registry.npmjs.org/core-util-is/-/core-util-is-1.0.3.tgz",
      "integrity": "sha512-ZQBvi1DcpJ4GDqanjucZ2Hj3wEO5pZDS89BWbkcrvdxksJorwUDDZamX9ldFkp9aw2lmBDLgkObEA4DWNJ9FYQ==",
      "license": "MIT"
    },
    "node_modules/debug": {
      "version": "4.4.1",
      "resolved": "https://registry.npmjs.org/debug/-/debug-4.4.1.tgz",
      "integrity": "sha512-KcKCqiftBJcZr++7ykoDIEwSa3XWowTfNPo92BYxjXiyYEVrUQh2aLyhxBCwww+heortUFxEJYcRzosstTEBYQ==",
      "license": "MIT",
      "dependencies": {
        "ms": "^2.1.3"
      },
      "engines": {
        "node": ">=6.0"
      },
      "peerDependenciesMeta": {
        "supports-color": {
          "optional": true
        }
      }
    },
    "node_modules/denque": {
      "version": "1.5.1",
      "resolved": "https://registry.npmjs.org/denque/-/denque-1.5.1.tgz",
      "integrity": "sha512-XwE+iZ4D6ZUB7mfYRMb5wByE8L74HCn30FBN7sWnXksWc1LO1bPDl67pBR9o/kC4z/xSNAwkMYcGgqDV3BE3Hw==",
      "license": "Apache-2.0",
      "engines": {
        "node": ">=0.10"
      }
    },
    "node_modules/depd": {
      "version": "2.0.0",
      "resolved": "https://registry.npmjs.org/depd/-/depd-2.0.0.tgz",
      "integrity": "sha512-g7nH6P6dyDioJogAAGprGpCtVImJhpPk/roCzdb3fIh61/s/nPsfR6onyMwkCAR/OlC3yBC0lESvUoQEAssIrw==",
      "license": "MIT",
      "engines": {
        "node": ">= 0.8"
      }
    },
    "node_modules/dunder-proto": {
      "version": "1.0.1",
      "resolved": "https://registry.npmjs.org/dunder-proto/-/dunder-proto-1.0.1.tgz",
      "integrity": "sha512-KIN/nDJBQRcXw0MLVhZE9iQHmG68qAVIBg9CqmUYjmQIhgij9U5MFvrqkUL5FbtyyzZuOeOt0zdeRe4UY7ct+A==",
      "license": "MIT",
      "dependencies": {
        "call-bind-apply-helpers": "^1.0.1",
        "es-errors": "^1.3.0",
        "gopd": "^1.2.0"
      },
      "engines": {
        "node": ">= 0.4"
      }
    },
    "node_modules/ee-first": {
      "version": "1.1.1",
      "resolved": "https://registry.npmjs.org/ee-first/-/ee-first-1.1.1.tgz",
      "integrity": "sha512-WMwm9LhRUo+WUaRN+vRuETqG89IgZphVSNkdFgeb6sS/E4OrDIN7t48CAewSHXc6C8lefD8KKfr5vY61brQlow==",
      "license": "MIT"
    },
    "node_modules/ejs": {
      "version": "3.1.10",
      "resolved": "https://registry.npmjs.org/ejs/-/ejs-3.1.10.tgz",
      "integrity": "sha512-UeJmFfOrAQS8OJWPZ4qtgHyWExa088/MtK5UEyoJGFH67cDEXkZSviOiKRCZ4Xij0zxI3JECgYs3oKx+AizQBA==",
      "license": "Apache-2.0",
      "dependencies": {
        "jake": "^10.8.5"
      },
      "bin": {
        "ejs": "bin/cli.js"
      },
      "engines": {
        "node": ">=0.10.0"
      }
    },
    "node_modules/encodeurl": {
      "version": "2.0.0",
      "resolved": "https://registry.npmjs.org/encodeurl/-/encodeurl-2.0.0.tgz",
      "integrity": "sha512-Q0n9HRi4m6JuGIV1eFlmvJB7ZEVxu93IrMyiMsGC0lrMJMWzRgx6WGquyfQgZVb31vhGgXnfmPNNXmxnOkRBrg==",
      "license": "MIT",
      "engines": {
        "node": ">= 0.8"
      }
    },
    "node_modules/es-define-property": {
      "version": "1.0.1",
      "resolved": "https://registry.npmjs.org/es-define-property/-/es-define-property-1.0.1.tgz",
      "integrity": "sha512-e3nRfgfUZ4rNGL232gUgX06QNyyez04KdjFrF+LTRoOXmrOgFKDg4BCdsjW8EnT69eqdYGmRpJwiPVYNrCaW3g==",
      "license": "MIT",
      "engines": {
        "node": ">= 0.4"
      }
    },
    "node_modules/es-errors": {
      "version": "1.3.0",
      "resolved": "https://registry.npmjs.org/es-errors/-/es-errors-1.3.0.tgz",
      "integrity": "sha512-Zf5H2Kxt2xjTvbJvP2ZWLEICxA6j+hAmMzIlypy4xcBg1vKVnx89Wy0GbS+kf5cwCVFFzdCFh2XSCFNULS6csw==",
      "license": "MIT",
      "engines": {
        "node": ">= 0.4"
      }
    },
    "node_modules/es-object-atoms": {
      "version": "1.1.1",
      "resolved": "https://registry.npmjs.org/es-object-atoms/-/es-object-atoms-1.1.1.tgz",
      "integrity": "sha512-FGgH2h8zKNim9ljj7dankFPcICIK9Cp5bm+c2gQSYePhpaG5+esrLODihIorn+Pe6FGJzWhXQotPv73jTaldXA==",
      "license": "MIT",
      "dependencies": {
        "es-errors": "^1.3.0"
      },
      "engines": {
        "node": ">= 0.4"
      }
    },
    "node_modules/escape-html": {
      "version": "1.0.3",
      "resolved": "https://registry.npmjs.org/escape-html/-/escape-html-1.0.3.tgz",
      "integrity": "sha512-NiSupZ4OeuGwr68lGIeym/ksIZMJodUGOSCZ/FSnTxcrekbvqrgdUxlJOMpijaKZVjAJrWrGs/6Jy8OMuyj9ow==",
      "license": "MIT"
    },
    "node_modules/etag": {
      "version": "1.8.1",
      "resolved": "https://registry.npmjs.org/etag/-/etag-1.8.1.tgz",
      "integrity": "sha512-aIL5Fx7mawVa300al2BnEE4iNvo1qETxLrPI/o05L7z6go7fCw1J6EQmbK4FmJ2AS7kgVF/KEZWufBfdClMcPg==",
      "license": "MIT",
      "engines": {
        "node": ">= 0.6"
      }
    },
    "node_modules/express": {
      "version": "5.1.0",
      "resolved": "https://registry.npmjs.org/express/-/express-5.1.0.tgz",
      "integrity": "sha512-DT9ck5YIRU+8GYzzU5kT3eHGA5iL+1Zd0EutOmTE9Dtk+Tvuzd23VBU+ec7HPNSTxXYO55gPV/hq4pSBJDjFpA==",
      "license": "MIT",
      "dependencies": {
        "accepts": "^2.0.0",
        "body-parser": "^2.2.0",
        "content-disposition": "^1.0.0",
        "content-type": "^1.0.5",
        "cookie": "^0.7.1",
        "cookie-signature": "^1.2.1",
        "debug": "^4.4.0",
        "encodeurl": "^2.0.0",
        "escape-html": "^1.0.3",
        "etag": "^1.8.1",
        "finalhandler": "^2.1.0",
        "fresh": "^2.0.0",
        "http-errors": "^2.0.0",
        "merge-descriptors": "^2.0.0",
        "mime-types": "^3.0.0",
        "on-finished": "^2.4.1",
        "once": "^1.4.0",
        "parseurl": "^1.3.3",
        "proxy-addr": "^2.0.7",
        "qs": "^6.14.0",
        "range-parser": "^1.2.1",
        "router": "^2.2.0",
        "send": "^1.1.0",
        "serve-static": "^2.2.0",
        "statuses": "^2.0.1",
        "type-is": "^2.0.1",
        "vary": "^1.1.2"
      },
      "engines": {
        "node": ">= 18"
      },
      "funding": {
        "type": "opencollective",
        "url": "https://opencollective.com/express"
      }
    },
    "node_modules/express-ejs-layouts": {
      "version": "2.5.1",
      "resolved": "https://registry.npmjs.org/express-ejs-layouts/-/express-ejs-layouts-2.5.1.tgz",
      "integrity": "sha512-IXROv9n3xKga7FowT06n1Qn927JR8ZWDn5Dc9CJQoiiaaDqbhW5PDmWShzbpAa2wjWT1vJqaIM1S6vJwwX11gA=="
    },
    "node_modules/filelist": {
      "version": "1.0.4",
      "resolved": "https://registry.npmjs.org/filelist/-/filelist-1.0.4.tgz",
      "integrity": "sha512-w1cEuf3S+DrLCQL7ET6kz+gmlJdbq9J7yXCSjK/OZCPA+qEN1WyF4ZAf0YYJa4/shHJra2t/d/r8SV4Ji+x+8Q==",
      "license": "Apache-2.0",
      "dependencies": {
        "minimatch": "^5.0.1"
      }
    },
    "node_modules/filelist/node_modules/brace-expansion": {
      "version": "2.0.1",
      "resolved": "https://registry.npmjs.org/brace-expansion/-/brace-expansion-2.0.1.tgz",
      "integrity": "sha512-XnAIvQ8eM+kC6aULx6wuQiwVsnzsi9d3WxzV3FpWTGA19F621kwdbsAcFKXgKUHZWsy+mY6iL1sHTxWEFCytDA==",
      "license": "MIT",
      "dependencies": {
        "balanced-match": "^1.0.0"
      }
    },
    "node_modules/filelist/node_modules/minimatch": {
      "version": "5.1.6",
      "resolved": "https://registry.npmjs.org/minimatch/-/minimatch-5.1.6.tgz",
      "integrity": "sha512-lKwV/1brpG6mBUFHtb7NUmtABCb2WZZmm2wNiOA5hAb8VdCS4B3dtMWyvcoViccwAW/COERjXLt0zP1zXUN26g==",
      "license": "ISC",
      "dependencies": {
        "brace-expansion": "^2.0.1"
      },
      "engines": {
        "node": ">=10"
      }
    },
    "node_modules/finalhandler": {
      "version": "2.1.0",
      "resolved": "https://registry.npmjs.org/finalhandler/-/finalhandler-2.1.0.tgz",
      "integrity": "sha512-/t88Ty3d5JWQbWYgaOGCCYfXRwV1+be02WqYYlL6h0lEiUAMPM8o8qKGO01YIkOHzka2up08wvgYD0mDiI+q3Q==",
      "license": "MIT",
      "dependencies": {
        "debug": "^4.4.0",
        "encodeurl": "^2.0.0",
        "escape-html": "^1.0.3",
        "on-finished": "^2.4.1",
        "parseurl": "^1.3.3",
        "statuses": "^2.0.1"
      },
      "engines": {
        "node": ">= 0.8"
      }
    },
    "node_modules/forwarded": {
      "version": "0.2.0",
      "resolved": "https://registry.npmjs.org/forwarded/-/forwarded-0.2.0.tgz",
      "integrity": "sha512-buRG0fpBtRHSTCOASe6hD258tEubFoRLb4ZNA6NxMVHNw2gOcwHo9wyablzMzOA5z9xA9L1KNjk/Nt6MT9aYow==",
      "license": "MIT",
      "engines": {
        "node": ">= 0.6"
      }
    },
    "node_modules/fresh": {
      "version": "2.0.0",
      "resolved": "https://registry.npmjs.org/fresh/-/fresh-2.0.0.tgz",
      "integrity": "sha512-Rx/WycZ60HOaqLKAi6cHRKKI7zxWbJ31MhntmtwMoaTeF7XFH9hhBp8vITaMidfljRQ6eYWCKkaTK+ykVJHP2A==",
      "license": "MIT",
      "engines": {
        "node": ">= 0.8"
      }
    },
    "node_modules/function-bind": {
      "version": "1.1.2",
      "resolved": "https://registry.npmjs.org/function-bind/-/function-bind-1.1.2.tgz",
      "integrity": "sha512-7XHNxH7qX9xG5mIwxkhumTox/MIRNcOgDrxWsMt2pAr23WHp6MrRlN7FBSFpCpr+oVO0F744iUgR82nJMfG2SA==",
      "license": "MIT",
      "funding": {
        "url": "https://github.com/sponsors/ljharb"
      }
    },
    "node_modules/get-intrinsic": {
      "version": "1.3.0",
      "resolved": "https://registry.npmjs.org/get-intrinsic/-/get-intrinsic-1.3.0.tgz",
      "integrity": "sha512-9fSjSaos/fRIVIp+xSJlE6lfwhES7LNtKaCBIamHsjr2na1BiABJPo0mOjjz8GJDURarmCPGqaiVg5mfjb98CQ==",
      "license": "MIT",
      "dependencies": {
        "call-bind-apply-helpers": "^1.0.2",
        "es-define-property": "^1.0.1",
        "es-errors": "^1.3.0",
        "es-object-atoms": "^1.1.1",
        "function-bind": "^1.1.2",
        "get-proto": "^1.0.1",
        "gopd": "^1.2.0",
        "has-symbols": "^1.1.0",
        "hasown": "^2.0.2",
        "math-intrinsics": "^1.1.0"
      },
      "engines": {
        "node": ">= 0.4"
      },
      "funding": {
        "url": "https://github.com/sponsors/ljharb"
      }
    },
    "node_modules/get-proto": {
      "version": "1.0.1",
      "resolved": "https://registry.npmjs.org/get-proto/-/get-proto-1.0.1.tgz",
      "integrity": "sha512-sTSfBjoXBp89JvIKIefqw7U2CCebsc74kiY6awiGogKtoSGbgjYE/G/+l9sF3MWFPNc9IcoOC4ODfKHfxFmp0g==",
      "license": "MIT",
      "dependencies": {
        "dunder-proto": "^1.0.1",
        "es-object-atoms": "^1.0.0"
      },
      "engines": {
        "node": ">= 0.4"
      }
    },
    "node_modules/gopd": {
      "version": "1.2.0",
      "resolved": "https://registry.npmjs.org/gopd/-/gopd-1.2.0.tgz",
      "integrity": "sha512-ZUKRh6/kUFoAiTAtTYPZJ3hw9wNxx+BIBOijnlG9PnrJsCcSjs1wyyD6vJpaYtgnzDrKYRSqf3OO6Rfa93xsRg==",
      "license": "MIT",
      "engines": {
        "node": ">= 0.4"
      },
      "funding": {
        "url": "https://github.com/sponsors/ljharb"
      }
    },
    "node_modules/has-flag": {
      "version": "4.0.0",
      "resolved": "https://registry.npmjs.org/has-flag/-/has-flag-4.0.0.tgz",
      "integrity": "sha512-EykJT/Q1KjTWctppgIAgfSO0tKVuZUjhgMr17kqTumMl6Afv3EISleU7qZUzoXDFTAHTDC4NOoG/ZxU3EvlMPQ==",
      "license": "MIT",
      "engines": {
        "node": ">=8"
      }
    },
    "node_modules/has-symbols": {
      "version": "1.1.0",
      "resolved": "https://registry.npmjs.org/has-symbols/-/has-symbols-1.1.0.tgz",
      "integrity": "sha512-1cDNdwJ2Jaohmb3sg4OmKaMBwuC48sYni5HUw2DvsC8LjGTLK9h+eb1X6RyuOHe4hT0ULCW68iomhjUoKUqlPQ==",
      "license": "MIT",
      "engines": {
        "node": ">= 0.4"
      },
      "funding": {
        "url": "https://github.com/sponsors/ljharb"
      }
    },
    "node_modules/hasown": {
      "version": "2.0.2",
      "resolved": "https://registry.npmjs.org/hasown/-/hasown-2.0.2.tgz",
      "integrity": "sha512-0hJU9SCPvmMzIBdZFqNPXWa6dqh7WdH0cII9y+CyS8rG3nL48Bclra9HmKhVVUHyPWNH5Y7xDwAB7bfgSjkUMQ==",
      "license": "MIT",
      "dependencies": {
        "function-bind": "^1.1.2"
      },
      "engines": {
        "node": ">= 0.4"
      }
    },
    "node_modules/http-errors": {
      "version": "2.0.0",
      "resolved": "https://registry.npmjs.org/http-errors/-/http-errors-2.0.0.tgz",
      "integrity": "sha512-FtwrG/euBzaEjYeRqOgly7G0qviiXoJWnvEH2Z1plBdXgbyjv34pHTSb9zoeHMyDy33+DWy5Wt9Wo+TURtOYSQ==",
      "license": "MIT",
      "dependencies": {
        "depd": "2.0.0",
        "inherits": "2.0.4",
        "setprototypeof": "1.2.0",
        "statuses": "2.0.1",
        "toidentifier": "1.0.1"
      },
      "engines": {
        "node": ">= 0.8"
      }
    },
    "node_modules/http-status-codes": {
      "version": "2.3.0",
      "resolved": "https://registry.npmjs.org/http-status-codes/-/http-status-codes-2.3.0.tgz",
      "integrity": "sha512-RJ8XvFvpPM/Dmc5SV+dC4y5PCeOhT3x1Hq0NU3rjGeg5a/CqlhZ7uudknPwZFz4aeAXDcbAyaeP7GAo9lvngtA==",
      "license": "MIT"
    },
    "node_modules/iconv-lite": {
      "version": "0.6.3",
      "resolved": "https://registry.npmjs.org/iconv-lite/-/iconv-lite-0.6.3.tgz",
      "integrity": "sha512-4fCk79wshMdzMp2rH06qWrJE4iolqLhCUH+OiuIgU++RB0+94NlDL81atO7GX55uUKueo0txHNtvEyI6D7WdMw==",
      "license": "MIT",
      "dependencies": {
        "safer-buffer": ">= 2.1.2 < 3.0.0"
      },
      "engines": {
        "node": ">=0.10.0"
      }
    },
    "node_modules/inherits": {
      "version": "2.0.4",
      "resolved": "https://registry.npmjs.org/inherits/-/inherits-2.0.4.tgz",
      "integrity": "sha512-k/vGaX4/Yla3WzyMCvTQOXYeIHvqOKtnqBduzTHpzpQZzAskKMhZ2K+EnBiSM9zGSoIFeMpXKxa4dYeZIQqewQ==",
      "license": "ISC"
    },
    "node_modules/ipaddr.js": {
      "version": "1.9.1",
      "resolved": "https://registry.npmjs.org/ipaddr.js/-/ipaddr.js-1.9.1.tgz",
      "integrity": "sha512-0KI/607xoxSToH7GjN1FfSbLoU0+btTicjsQSWQlh/hZykN8KpmMf7uYwPW3R+akZ6R/w18ZlXSHBYXiYUPO3g==",
      "license": "MIT",
      "engines": {
        "node": ">= 0.10"
      }
    },
    "node_modules/is-promise": {
      "version": "4.0.0",
      "resolved": "https://registry.npmjs.org/is-promise/-/is-promise-4.0.0.tgz",
      "integrity": "sha512-hvpoI6korhJMnej285dSg6nu1+e6uxs7zG3BYAm5byqDsgJNWwxzM6z6iZiAgQR4TJ30JmBTOwqZUw3WlyH3AQ==",
      "license": "MIT"
    },
    "node_modules/isarray": {
      "version": "1.0.0",
      "resolved": "https://registry.npmjs.org/isarray/-/isarray-1.0.0.tgz",
      "integrity": "sha512-VLghIWNM6ELQzo7zwmcg0NmTVyWKYjvIeM83yjp0wRDTmUnrM678fQbcKBo6n2CJEF0szoG//ytg+TKla89ALQ==",
      "license": "MIT"
    },
    "node_modules/jake": {
      "version": "10.9.2",
      "resolved": "https://registry.npmjs.org/jake/-/jake-10.9.2.tgz",
      "integrity": "sha512-2P4SQ0HrLQ+fw6llpLnOaGAvN2Zu6778SJMrCUwns4fOoG9ayrTiZk3VV8sCPkVZF8ab0zksVpS8FDY5pRCNBA==",
      "license": "Apache-2.0",
      "dependencies": {
        "async": "^3.2.3",
        "chalk": "^4.0.2",
        "filelist": "^1.0.4",
        "minimatch": "^3.1.2"
      },
      "bin": {
        "jake": "bin/cli.js"
      },
      "engines": {
        "node": ">=10"
      }
    },
    "node_modules/math-intrinsics": {
      "version": "1.1.0",
      "resolved": "https://registry.npmjs.org/math-intrinsics/-/math-intrinsics-1.1.0.tgz",
      "integrity": "sha512-/IXtbwEk5HTPyEwyKX6hGkYXxM9nbj64B+ilVJnC/R6B0pH5G4V3b0pVbL7DBj4tkhBAppbQUlf6F6Xl9LHu1g==",
      "license": "MIT",
      "engines": {
        "node": ">= 0.4"
      }
    },
    "node_modules/media-typer": {
      "version": "1.1.0",
      "resolved": "https://registry.npmjs.org/media-typer/-/media-typer-1.1.0.tgz",
      "integrity": "sha512-aisnrDP4GNe06UcKFnV5bfMNPBUw4jsLGaWwWfnH3v02GnBuXX2MCVn5RbrWo0j3pczUilYblq7fQ7Nw2t5XKw==",
      "license": "MIT",
      "engines": {
        "node": ">= 0.8"
      }
    },
    "node_modules/memory-pager": {
      "version": "1.5.0",
      "resolved": "https://registry.npmjs.org/memory-pager/-/memory-pager-1.5.0.tgz",
      "integrity": "sha512-ZS4Bp4r/Zoeq6+NLJpP+0Zzm0pR8whtGPf1XExKLJBAczGMnSi3It14OiNCStjQjM6NU1okjQGSxgEZN8eBYKg==",
      "license": "MIT",
      "optional": true
    },
    "node_modules/merge-descriptors": {
      "version": "2.0.0",
      "resolved": "https://registry.npmjs.org/merge-descriptors/-/merge-descriptors-2.0.0.tgz",
      "integrity": "sha512-Snk314V5ayFLhp3fkUREub6WtjBfPdCPY1Ln8/8munuLuiYhsABgBVWsozAG+MWMbVEvcdcpbi9R7ww22l9Q3g==",
      "license": "MIT",
      "engines": {
        "node": ">=18"
      },
      "funding": {
        "url": "https://github.com/sponsors/sindresorhus"
      }
    },
    "node_modules/mime-db": {
      "version": "1.54.0",
      "resolved": "https://registry.npmjs.org/mime-db/-/mime-db-1.54.0.tgz",
      "integrity": "sha512-aU5EJuIN2WDemCcAp2vFBfp/m4EAhWJnUNSSw0ixs7/kXbd6Pg64EmwJkNdFhB8aWt1sH2CTXrLxo/iAGV3oPQ==",
      "license": "MIT",
      "engines": {
        "node": ">= 0.6"
      }
    },
    "node_modules/mime-types": {
      "version": "3.0.1",
      "resolved": "https://registry.npmjs.org/mime-types/-/mime-types-3.0.1.tgz",
      "integrity": "sha512-xRc4oEhT6eaBpU1XF7AjpOFD+xQmXNB5OVKwp4tqCuBpHLS/ZbBDrc07mYTDqVMg6PfxUjjNp85O6Cd2Z/5HWA==",
      "license": "MIT",
      "dependencies": {
        "mime-db": "^1.54.0"
      },
      "engines": {
        "node": ">= 0.6"
      }
    },
    "node_modules/minimatch": {
      "version": "3.1.2",
      "resolved": "https://registry.npmjs.org/minimatch/-/minimatch-3.1.2.tgz",
      "integrity": "sha512-J7p63hRiAjw1NDEww1W7i37+ByIrOWO5XQQAzZ3VOcL0PNybwpfmV/N05zFAzwQ9USyEcX6t3UO+K5aqBQOIHw==",
      "license": "ISC",
      "dependencies": {
        "brace-expansion": "^1.1.7"
      },
      "engines": {
        "node": "*"
      }
    },
    "node_modules/mongodb": {
      "version": "3.6.3",
      "resolved": "https://registry.npmjs.org/mongodb/-/mongodb-3.6.3.tgz",
      "integrity": "sha512-rOZuR0QkodZiM+UbQE5kDsJykBqWi0CL4Ec2i1nrGrUI3KO11r6Fbxskqmq3JK2NH7aW4dcccBuUujAP0ERl5w==",
      "license": "Apache-2.0",
      "dependencies": {
        "bl": "^2.2.1",
        "bson": "^1.1.4",
        "denque": "^1.4.1",
        "require_optional": "^1.0.1",
        "safe-buffer": "^5.1.2"
      },
      "engines": {
        "node": ">=4"
      },
      "optionalDependencies": {
        "saslprep": "^1.0.0"
      },
      "peerDependenciesMeta": {
        "aws4": {
          "optional": true
        },
        "bson-ext": {
          "optional": true
        },
        "kerberos": {
          "optional": true
        },
        "mongodb-client-encryption": {
          "optional": true
        },
        "mongodb-extjson": {
          "optional": true
        },
        "snappy": {
          "optional": true
        }
      }
    },
    "node_modules/ms": {
      "version": "2.1.3",
      "resolved": "https://registry.npmjs.org/ms/-/ms-2.1.3.tgz",
      "integrity": "sha512-6FlzubTLZG3J2a/NVCAleEhjzq5oxgHyaCU9yYXvcLsvoVaHJq/s5xXI6/XXP6tz7R9xAOtHnSO/tXtF3WRTlA==",
      "license": "MIT"
    },
    "node_modules/negotiator": {
      "version": "1.0.0",
      "resolved": "https://registry.npmjs.org/negotiator/-/negotiator-1.0.0.tgz",
      "integrity": "sha512-8Ofs/AUQh8MaEcrlq5xOX0CQ9ypTF5dl78mjlMNfOK08fzpgTHQRQPBxcPlEtIw0yRpws+Zo/3r+5WRby7u3Gg==",
      "license": "MIT",
      "engines": {
        "node": ">= 0.6"
      }
    },
    "node_modules/object-inspect": {
      "version": "1.13.4",
      "resolved": "https://registry.npmjs.org/object-inspect/-/object-inspect-1.13.4.tgz",
      "integrity": "sha512-W67iLl4J2EXEGTbfeHCffrjDfitvLANg0UlX3wFUUSTx92KXRFegMHUVgSqE+wvhAbi4WqjGg9czysTV2Epbew==",
      "license": "MIT",
      "engines": {
        "node": ">= 0.4"
      },
      "funding": {
        "url": "https://github.com/sponsors/ljharb"
      }
    },
    "node_modules/on-finished": {
      "version": "2.4.1",
      "resolved": "https://registry.npmjs.org/on-finished/-/on-finished-2.4.1.tgz",
      "integrity": "sha512-oVlzkg3ENAhCk2zdv7IJwd/QUD4z2RxRwpkcGY8psCVcCYZNq4wYnVWALHM+brtuJjePWiYF/ClmuDr8Ch5+kg==",
      "license": "MIT",
      "dependencies": {
        "ee-first": "1.1.1"
      },
      "engines": {
        "node": ">= 0.8"
      }
    },
    "node_modules/once": {
      "version": "1.4.0",
      "resolved": "https://registry.npmjs.org/once/-/once-1.4.0.tgz",
      "integrity": "sha512-lNaJgI+2Q5URQBkccEKHTQOPaXdUxnZZElQTZY0MFUAuaEqe1E+Nyvgdz/aIyNi6Z9MzO5dv1H8n58/GELp3+w==",
      "license": "ISC",
      "dependencies": {
        "wrappy": "1"
      }
    },
    "node_modules/parseurl": {
      "version": "1.3.3",
      "resolved": "https://registry.npmjs.org/parseurl/-/parseurl-1.3.3.tgz",
      "integrity": "sha512-CiyeOxFT/JZyN5m0z9PfXw4SCBJ6Sygz1Dpl0wqjlhDEGGBP1GnsUVEL0p63hoG1fcj3fHynXi9NYO4nWOL+qQ==",
      "license": "MIT",
      "engines": {
        "node": ">= 0.8"
      }
    },
    "node_modules/path-to-regexp": {
      "version": "8.2.0",
      "resolved": "https://registry.npmjs.org/path-to-regexp/-/path-to-regexp-8.2.0.tgz",
      "integrity": "sha512-TdrF7fW9Rphjq4RjrW0Kp2AW0Ahwu9sRGTkS6bvDi0SCwZlEZYmcfDbEsTz8RVk0EHIS/Vd1bv3JhG+1xZuAyQ==",
      "license": "MIT",
      "engines": {
        "node": ">=16"
      }
    },
    "node_modules/process-nextick-args": {
      "version": "2.0.1",
      "resolved": "https://registry.npmjs.org/process-nextick-args/-/process-nextick-args-2.0.1.tgz",
      "integrity": "sha512-3ouUOpQhtgrbOa17J7+uxOTpITYWaGP7/AhoR3+A+/1e9skrzelGi/dXzEYyvbxubEF6Wn2ypscTKiKJFFn1ag==",
      "license": "MIT"
    },
    "node_modules/proxy-addr": {
      "version": "2.0.7",
      "resolved": "https://registry.npmjs.org/proxy-addr/-/proxy-addr-2.0.7.tgz",
      "integrity": "sha512-llQsMLSUDUPT44jdrU/O37qlnifitDP+ZwrmmZcoSKyLKvtZxpyV0n2/bD/N4tBAAZ/gJEdZU7KMraoK1+XYAg==",
      "license": "MIT",
      "dependencies": {
        "forwarded": "0.2.0",
        "ipaddr.js": "1.9.1"
      },
      "engines": {
        "node": ">= 0.10"
      }
    },
    "node_modules/qs": {
      "version": "6.14.0",
      "resolved": "https://registry.npmjs.org/qs/-/qs-6.14.0.tgz",
      "integrity": "sha512-YWWTjgABSKcvs/nWBi9PycY/JiPJqOD4JA6o9Sej2AtvSGarXxKC3OQSk4pAarbdQlKAh5D4FCQkJNkW+GAn3w==",
      "license": "BSD-3-Clause",
      "dependencies": {
        "side-channel": "^1.1.0"
      },
      "engines": {
        "node": ">=0.6"
      },
      "funding": {
        "url": "https://github.com/sponsors/ljharb"
      }
    },
    "node_modules/range-parser": {
      "version": "1.2.1",
      "resolved": "https://registry.npmjs.org/range-parser/-/range-parser-1.2.1.tgz",
      "integrity": "sha512-Hrgsx+orqoygnmhFbKaHE6c296J+HTAQXoxEF6gNupROmmGJRoyzfG3ccAveqCBrwr/2yxQ5BVd/GTl5agOwSg==",
      "license": "MIT",
      "engines": {
        "node": ">= 0.6"
      }
    },
    "node_modules/raw-body": {
      "version": "3.0.0",
      "resolved": "https://registry.npmjs.org/raw-body/-/raw-body-3.0.0.tgz",
      "integrity": "sha512-RmkhL8CAyCRPXCE28MMH0z2PNWQBNk2Q09ZdxM9IOOXwxwZbN+qbWaatPkdkWIKL2ZVDImrN/pK5HTRz2PcS4g==",
      "license": "MIT",
      "dependencies": {
        "bytes": "3.1.2",
        "http-errors": "2.0.0",
        "iconv-lite": "0.6.3",
        "unpipe": "1.0.0"
      },
      "engines": {
        "node": ">= 0.8"
      }
    },
    "node_modules/readable-stream": {
      "version": "2.3.8",
      "resolved": "https://registry.npmjs.org/readable-stream/-/readable-stream-2.3.8.tgz",
      "integrity": "sha512-8p0AUk4XODgIewSi0l8Epjs+EVnWiK7NoDIEGU0HhE7+ZyY8D1IMY7odu5lRrFXGg71L15KG8QrPmum45RTtdA==",
      "license": "MIT",
      "dependencies": {
        "core-util-is": "~1.0.0",
        "inherits": "~2.0.3",
        "isarray": "~1.0.0",
        "process-nextick-args": "~2.0.0",
        "safe-buffer": "~5.1.1",
        "string_decoder": "~1.1.1",
        "util-deprecate": "~1.0.1"
      }
    },
    "node_modules/readable-stream/node_modules/safe-buffer": {
      "version": "5.1.2",
      "resolved": "https://registry.npmjs.org/safe-buffer/-/safe-buffer-5.1.2.tgz",
      "integrity": "sha512-Gd2UZBJDkXlY7GbJxfsE8/nvKkUEU1G38c1siN6QP6a9PT9MmHB8GnpscSmMJSoF8LOIrt8ud/wPtojys4G6+g==",
      "license": "MIT"
    },
    "node_modules/require_optional": {
      "version": "1.0.1",
      "resolved": "https://registry.npmjs.org/require_optional/-/require_optional-1.0.1.tgz",
      "integrity": "sha512-qhM/y57enGWHAe3v/NcwML6a3/vfESLe/sGM2dII+gEO0BpKRUkWZow/tyloNqJyN6kXSl3RyyM8Ll5D/sJP8g==",
      "license": "Apache-2.0",
      "dependencies": {
        "resolve-from": "^2.0.0",
        "semver": "^5.1.0"
      }
    },
    "node_modules/resolve-from": {
      "version": "2.0.0",
      "resolved": "https://registry.npmjs.org/resolve-from/-/resolve-from-2.0.0.tgz",
      "integrity": "sha512-qpFcKaXsq8+oRoLilkwyc7zHGF5i9Q2/25NIgLQQ/+VVv9rU4qvr6nXVAw1DsnXJyQkZsR4Ytfbtg5ehfcUssQ==",
      "license": "MIT",
      "engines": {
        "node": ">=0.10.0"
      }
    },
    "node_modules/router": {
      "version": "2.2.0",
      "resolved": "https://registry.npmjs.org/router/-/router-2.2.0.tgz",
      "integrity": "sha512-nLTrUKm2UyiL7rlhapu/Zl45FwNgkZGaCpZbIHajDYgwlJCOzLSk+cIPAnsEqV955GjILJnKbdQC1nVPz+gAYQ==",
      "license": "MIT",
      "dependencies": {
        "debug": "^4.4.0",
        "depd": "^2.0.0",
        "is-promise": "^4.0.0",
        "parseurl": "^1.3.3",
        "path-to-regexp": "^8.0.0"
      },
      "engines": {
        "node": ">= 18"
      }
    },
    "node_modules/safe-buffer": {
      "version": "5.2.1",
      "resolved": "https://registry.npmjs.org/safe-buffer/-/safe-buffer-5.2.1.tgz",
      "integrity": "sha512-rp3So07KcdmmKbGvgaNxQSJr7bGVSVk5S9Eq1F+ppbRo70+YeaDxkw5Dd8NPN+GD6bjnYm2VuPuCXmpuYvmCXQ==",
      "funding": [
        {
          "type": "github",
          "url": "https://github.com/sponsors/feross"
        },
        {
          "type": "patreon",
          "url": "https://www.patreon.com/feross"
        },
        {
          "type": "consulting",
          "url": "https://feross.org/support"
        }
      ],
      "license": "MIT"
    },
    "node_modules/safer-buffer": {
      "version": "2.1.2",
      "resolved": "https://registry.npmjs.org/safer-buffer/-/safer-buffer-2.1.2.tgz",
      "integrity": "sha512-YZo3K82SD7Riyi0E1EQPojLz7kpepnSQI9IyPbHHg1XXXevb5dJI7tpyN2ADxGcQbHG7vcyRHk0cbwqcQriUtg==",
      "license": "MIT"
    },
    "node_modules/saslprep": {
      "version": "1.0.3",
      "resolved": "https://registry.npmjs.org/saslprep/-/saslprep-1.0.3.tgz",
      "integrity": "sha512-/MY/PEMbk2SuY5sScONwhUDsV2p77Znkb/q3nSVstq/yQzYJOH/Azh29p9oJLsl3LnQwSvZDKagDGBsBwSooag==",
      "license": "MIT",
      "optional": true,
      "dependencies": {
        "sparse-bitfield": "^3.0.3"
      },
      "engines": {
        "node": ">=6"
      }
    },
    "node_modules/semver": {
      "version": "5.7.2",
      "resolved": "https://registry.npmjs.org/semver/-/semver-5.7.2.tgz",
      "integrity": "sha512-cBznnQ9KjJqU67B52RMC65CMarK2600WFnbkcaiwWq3xy/5haFJlshgnpjovMVJ+Hff49d8GEn0b87C5pDQ10g==",
      "license": "ISC",
      "bin": {
        "semver": "bin/semver"
      }
    },
    "node_modules/send": {
      "version": "1.2.0",
      "resolved": "https://registry.npmjs.org/send/-/send-1.2.0.tgz",
      "integrity": "sha512-uaW0WwXKpL9blXE2o0bRhoL2EGXIrZxQ2ZQ4mgcfoBxdFmQold+qWsD2jLrfZ0trjKL6vOw0j//eAwcALFjKSw==",
      "license": "MIT",
      "dependencies": {
        "debug": "^4.3.5",
        "encodeurl": "^2.0.0",
        "escape-html": "^1.0.3",
        "etag": "^1.8.1",
        "fresh": "^2.0.0",
        "http-errors": "^2.0.0",
        "mime-types": "^3.0.1",
        "ms": "^2.1.3",
        "on-finished": "^2.4.1",
        "range-parser": "^1.2.1",
        "statuses": "^2.0.1"
      },
      "engines": {
        "node": ">= 18"
      }
    },
    "node_modules/serve-static": {
      "version": "2.2.0",
      "resolved": "https://registry.npmjs.org/serve-static/-/serve-static-2.2.0.tgz",
      "integrity": "sha512-61g9pCh0Vnh7IutZjtLGGpTA355+OPn2TyDv/6ivP2h/AdAVX9azsoxmg2/M6nZeQZNYBEwIcsne1mJd9oQItQ==",
      "license": "MIT",
      "dependencies": {
        "encodeurl": "^2.0.0",
        "escape-html": "^1.0.3",
        "parseurl": "^1.3.3",
        "send": "^1.2.0"
      },
      "engines": {
        "node": ">= 18"
      }
    },
    "node_modules/setprototypeof": {
      "version": "1.2.0",
      "resolved": "https://registry.npmjs.org/setprototypeof/-/setprototypeof-1.2.0.tgz",
      "integrity": "sha512-E5LDX7Wrp85Kil5bhZv46j8jOeboKq5JMmYM3gVGdGH8xFpPWXUMsNrlODCrkoxMEeNi/XZIwuRvY4XNwYMJpw==",
      "license": "ISC"
    },
    "node_modules/side-channel": {
      "version": "1.1.0",
      "resolved": "https://registry.npmjs.org/side-channel/-/side-channel-1.1.0.tgz",
      "integrity": "sha512-ZX99e6tRweoUXqR+VBrslhda51Nh5MTQwou5tnUDgbtyM0dBgmhEDtWGP/xbKn6hqfPRHujUNwz5fy/wbbhnpw==",
      "license": "MIT",
      "dependencies": {
        "es-errors": "^1.3.0",
        "object-inspect": "^1.13.3",
        "side-channel-list": "^1.0.0",
        "side-channel-map": "^1.0.1",
        "side-channel-weakmap": "^1.0.2"
      },
      "engines": {
        "node": ">= 0.4"
      },
      "funding": {
        "url": "https://github.com/sponsors/ljharb"
      }
    },
    "node_modules/side-channel-list": {
      "version": "1.0.0",
      "resolved": "https://registry.npmjs.org/side-channel-list/-/side-channel-list-1.0.0.tgz",
      "integrity": "sha512-FCLHtRD/gnpCiCHEiJLOwdmFP+wzCmDEkc9y7NsYxeF4u7Btsn1ZuwgwJGxImImHicJArLP4R0yX4c2KCrMrTA==",
      "license": "MIT",
      "dependencies": {
        "es-errors": "^1.3.0",
        "object-inspect": "^1.13.3"
      },
      "engines": {
        "node": ">= 0.4"
      },
      "funding": {
        "url": "https://github.com/sponsors/ljharb"
      }
    },
    "node_modules/side-channel-map": {
      "version": "1.0.1",
      "resolved": "https://registry.npmjs.org/side-channel-map/-/side-channel-map-1.0.1.tgz",
      "integrity": "sha512-VCjCNfgMsby3tTdo02nbjtM/ewra6jPHmpThenkTYh8pG9ucZ/1P8So4u4FGBek/BjpOVsDCMoLA/iuBKIFXRA==",
      "license": "MIT",
      "dependencies": {
        "call-bound": "^1.0.2",
        "es-errors": "^1.3.0",
        "get-intrinsic": "^1.2.5",
        "object-inspect": "^1.13.3"
      },
      "engines": {
        "node": ">= 0.4"
      },
      "funding": {
        "url": "https://github.com/sponsors/ljharb"
      }
    },
    "node_modules/side-channel-weakmap": {
      "version": "1.0.2",
      "resolved": "https://registry.npmjs.org/side-channel-weakmap/-/side-channel-weakmap-1.0.2.tgz",
      "integrity": "sha512-WPS/HvHQTYnHisLo9McqBHOJk2FkHO/tlpvldyrnem4aeQp4hai3gythswg6p01oSoTl58rcpiFAjF2br2Ak2A==",
      "license": "MIT",
      "dependencies": {
        "call-bound": "^1.0.2",
        "es-errors": "^1.3.0",
        "get-intrinsic": "^1.2.5",
        "object-inspect": "^1.13.3",
        "side-channel-map": "^1.0.1"
      },
      "engines": {
        "node": ">= 0.4"
      },
      "funding": {
        "url": "https://github.com/sponsors/ljharb"
      }
    },
    "node_modules/sparse-bitfield": {
      "version": "3.0.3",
      "resolved": "https://registry.npmjs.org/sparse-bitfield/-/sparse-bitfield-3.0.3.tgz",
      "integrity": "sha512-kvzhi7vqKTfkh0PZU+2D2PIllw2ymqJKujUcyPMd9Y75Nv4nPbGJZXNhxsgdQab2BmlDct1YnfQCguEvHr7VsQ==",
      "license": "MIT",
      "optional": true,
      "dependencies": {
        "memory-pager": "^1.0.2"
      }
    },
    "node_modules/statuses": {
      "version": "2.0.1",
      "resolved": "https://registry.npmjs.org/statuses/-/statuses-2.0.1.tgz",
      "integrity": "sha512-RwNA9Z/7PrK06rYLIzFMlaF+l73iwpzsqRIFgbMLbTcLD6cOao82TaWefPXQvB2fOC4AjuYSEndS7N/mTCbkdQ==",
      "license": "MIT",
      "engines": {
        "node": ">= 0.8"
      }
    },
    "node_modules/string_decoder": {
      "version": "1.1.1",
      "resolved": "https://registry.npmjs.org/string_decoder/-/string_decoder-1.1.1.tgz",
      "integrity": "sha512-n/ShnvDi6FHbbVfviro+WojiFzv+s8MPMHBczVePfUpDJLwoLT0ht1l4YwBCbi8pJAveEEdnkHyPyTP/mzRfwg==",
      "license": "MIT",
      "dependencies": {
        "safe-buffer": "~5.1.0"
      }
    },
    "node_modules/string_decoder/node_modules/safe-buffer": {
      "version": "5.1.2",
      "resolved": "https://registry.npmjs.org/safe-buffer/-/safe-buffer-5.1.2.tgz",
      "integrity": "sha512-Gd2UZBJDkXlY7GbJxfsE8/nvKkUEU1G38c1siN6QP6a9PT9MmHB8GnpscSmMJSoF8LOIrt8ud/wPtojys4G6+g==",
      "license": "MIT"
    },
    "node_modules/supports-color": {
      "version": "7.2.0",
      "resolved": "https://registry.npmjs.org/supports-color/-/supports-color-7.2.0.tgz",
      "integrity": "sha512-qpCAvRl9stuOHveKsn7HncJRvv501qIacKzQlO/+Lwxc9+0q2wLyv4Dfvt80/DPn2pqOBsJdDiogXGR9+OvwRw==",
      "license": "MIT",
      "dependencies": {
        "has-flag": "^4.0.0"
      },
      "engines": {
        "node": ">=8"
      }
    },
    "node_modules/toidentifier": {
      "version": "1.0.1",
      "resolved": "https://registry.npmjs.org/toidentifier/-/toidentifier-1.0.1.tgz",
      "integrity": "sha512-o5sSPKEkg/DIQNmH43V0/uerLrpzVedkUh8tGNvaeXpfpuwjKenlSox/2O/BTlZUtEe+JG7s5YhEz608PlAHRA==",
      "license": "MIT",
      "engines": {
        "node": ">=0.6"
      }
    },
    "node_modules/type-is": {
      "version": "2.0.1",
      "resolved": "https://registry.npmjs.org/type-is/-/type-is-2.0.1.tgz",
      "integrity": "sha512-OZs6gsjF4vMp32qrCbiVSkrFmXtG/AZhY3t0iAMrMBiAZyV9oALtXO8hsrHbMXF9x6L3grlFuwW2oAz7cav+Gw==",
      "license": "MIT",
      "dependencies": {
        "content-type": "^1.0.5",
        "media-typer": "^1.1.0",
        "mime-types": "^3.0.0"
      },
      "engines": {
        "node": ">= 0.6"
      }
    },
    "node_modules/unpipe": {
      "version": "1.0.0",
      "resolved": "https://registry.npmjs.org/unpipe/-/unpipe-1.0.0.tgz",
      "integrity": "sha512-pjy2bYhSsufwWlKwPc+l3cN7+wuJlK6uz0YdJEOlQDbl6jo/YlPi4mb8agUkVC8BF7V8NuzeyPNqRksA3hztKQ==",
      "license": "MIT",
      "engines": {
        "node": ">= 0.8"
      }
    },
    "node_modules/util-deprecate": {
      "version": "1.0.2",
      "resolved": "https://registry.npmjs.org/util-deprecate/-/util-deprecate-1.0.2.tgz",
      "integrity": "sha512-EPD5q1uXyFxJpCrLnCc1nHnq3gOa6DZBocAIiI2TaSCA7VCJ1UJDMagCzIkXNsUYfD1daK//LTEQ8xiIbrHtcw==",
      "license": "MIT"
    },
    "node_modules/vary": {
      "version": "1.1.2",
      "resolved": "https://registry.npmjs.org/vary/-/vary-1.1.2.tgz",
      "integrity": "sha512-BNGbWLfd0eUPabhkXUVm0j8uuvREyTh5ovRa/dyow/BqAbZJyC+5fU+IzQOzmAKzYqYRAISoRhdQr3eIZ/PXqg==",
      "license": "MIT",
      "engines": {
        "node": ">= 0.8"
      }
    },
    "node_modules/wrappy": {
      "version": "1.0.2",
      "resolved": "https://registry.npmjs.org/wrappy/-/wrappy-1.0.2.tgz",
      "integrity": "sha512-l4Sp/DRseor9wL6EvV2+TuQn63dMkPjZ/sp9XkghTEbV9KlPS1xUsZ3u7/IQO4wxtcFB4bgpQPRcR3QCvezPcQ==",
      "license": "ISC"
    }
  }
}
